,,,,Alabama,Alaska,Arizona,Arkansas,California,Colorado,Connecticut,Delaware,District of Columbia,Florida,Georgia,Hawaii,Idaho,Illinois,Indiana,Iowa,Kansas,Kentucky,Louisiana,Maine,Maryland,Massachusetts,Michigan,Minnesota,Mississippi,Missouri,Montana,Nebraska,Nevada,New Hampshire,New Jersey,New Mexico,New York,North Carolina,North Dakota,Ohio,Oklahoma,Oregon,Pennsylvania,Rhode Island,South Carolina,South Dakota,Tennessee,Texas,Utah,Vermont,Virginia,Washington,West Virginia,Wisconsin,Wyoming
3,Population,Est.,362398,0.002304096600974619,0.0008774882863591963,0.007439334654164758,0.0013603827835694457,0.10166446834695556,0.007745627735252402,0.04261888862521317,0.002168886141755749,0.004610952599076154,0.20115729115502845,0.02937930121027158,0.0028173444665809413,0.0011423904105431046,0.014384737222611604,0.006255553286717918,0.0019619313572370707,0.002563479930904696,0.00269593099299665,0.006639109487359201,0.0010375333197203075,0.01952825346718249,0.1688999387413838,0.011388031942781141,0.006688778635643685,0.0009795859800550775,0.005060734330763415,0.0008278191380747135,0.0009713077886743304,0.01033946103455317,0.006542530587917152,0.08373942461051109,0.0028642542177385083,0.070778536305388,0.015209796963559402,0.001826720898018201,0.012265520229140337,0.0017080668215608253,0.00564296712454263,0.02335553728221458,0.003454765202898471,0.008485146165265812,0.00023454875578783548,0.004591636819187744,0.05051904259957284,0.008990115839491388,0.00034768403799137964,0.017246232043223196,0.012218610477982771,0.0008305785352016291,0.0035347877195790263,0.00010485709082279704
4,,%,100.00%,100.00%,100.00%,100.00%,100.00%,100.00%,100.00%,100.00%,100.00%,100.00%,100.00%,100.00%,100.00%,100.00%,100.00%,100.00%,100.00%,100.00%,100.00%,100.00%,100.00%,100.00%,100.00%,100.00%,100.00%,100.00%,100.00%,100.00%,100.00%,100.00%,100.00%,100.00%,100.00%,100.00%,100.00%,100.00%,100.00%,100.00%,100.00%,100.00%,100.00%,100.00%,100.00%,100.00%,100.00%,100.00%,100.00%,100.00%,100.00%,100.00%,100.00%,100.00%
5,Age 0 to 4,Est.,3155,0.0,0.0,0.003486529318541997,0.0,0.10903328050713154,0.0,0.0,0.0,0.0,0.22282091917591126,0.045641838351822506,0.0,0.0,0.020919175911251982,0.015213946117274169,0.0,0.0,0.0,0.0,0.0,0.006339144215530904,0.05515055467511886,0.027892234548335976,0.015530903328050714,0.0,0.01901743264659271,0.0,0.0,0.05578446909667195,0.042472266244057054,0.03169572107765452,0.0,0.17527733755942948,0.0,0.0,0.044374009508716325,0.0,0.0,0.0,0.0,0.0,0.0,0.010776545166402536,0.04595879556259905,0.0,0.0,0.0526148969889065,0.0,0.0,0.0,0.0
6,,%,0.90%,0.00%,0.00%,0.40%,0.00%,0.90%,0.00%,0.00%,0.00%,0.00%,1.00%,1.40%,0.00%,0.00%,1.30%,2.10%,0.00%,0.00%,0.00%,0.00%,0.00%,0.30%,0.30%,2.10%,2.00%,0.00%,3.30%,0.00%,0.00%,4.70%,5.70%,0.30%,0.00%,2.20%,0.00%,0.00%,3.10%,0.00%,0.00%,0.00%,0.00%,0.00%,0.00%,2.00%,0.80%,0.00%,0.00%,2.70%,0.00%,0.00%,0.00%,0.00%
7,Age 5 to 9,Est.,4866,0.0,0.01685162351006987,0.008014796547472256,0.0,0.08528565556925606,0.015413070283600493,0.009453349773941636,0.0,0.04500616522811344,0.26099465680230166,0.02178380600082203,0.0,0.0032881216605014385,0.011508425811755036,0.010069872585285656,0.0,0.0,0.0,0.0,0.0,0.040073982737361284,0.09843814221126182,0.006370735717221537,0.015002055076037813,0.0,0.007603781339909577,0.0,0.0,0.0,0.0,0.06740649404027949,0.0,0.08014796547472257,0.007192766132346897,0.0,0.02363337443485409,0.0,0.0,0.015207562679819153,0.0,0.005754212905877518,0.0,0.011302918207973694,0.10645293875873407,0.009453349773941636,0.0,0.01829017673653925,0.0,0.0,0.0,0.0
8,,%,1.30%,0.00%,25.80%,1.40%,0.00%,1.10%,2.70%,0.30%,0.00%,13.10%,1.70%,1.00%,0.00%,3.90%,1.10%,2.20%,0.00%,0.00%,0.00%,0.00%,0.00%,2.80%,0.80%,0.80%,3.00%,0.00%,2.00%,0.00%,0.00%,0.00%,0.00%,1.10%,0.00%,1.50%,0.60%,0.00%,2.60%,0.00%,0.00%,0.90%,0.00%,0.90%,0.00%,3.30%,2.80%,1.40%,0.00%,1.40%,0.00%,0.00%,0.00%,0.00%
9,Age 10 to 14,Est.,7445,0.0,0.004969778374748153,0.011014103425117529,0.0,0.06675621222296843,0.007924781732706514,0.04889187374076562,0.011685695097380792,0.005372733378106112,0.2639355271994627,0.023371390194761584,0.003223640026863667,0.0,0.012625923438549362,0.013431833445265278,0.0,0.005910006715916722,0.0,0.0,0.0,0.04889187374076562,0.1590329079919409,0.022834116856950974,0.011417058428475487,0.0,0.015983881799865682,0.0,0.0,0.028744123572867698,0.010073875083948958,0.04969778374748153,0.0,0.036400268636668905,0.004432505036937542,0.013834788448623236,0.0,0.0036265950302216254,0.0,0.020416386836803222,0.0,0.013163196776359973,0.0,0.009670920080591,0.05278710543989255,0.0,0.0,0.013700470114170584,0.0061786433848220286,0.0,0.0,0.0
10,,%,2.10%,0.00%,11.60%,3.00%,0.00%,1.30%,2.10%,2.40%,11.10%,2.40%,2.70%,1.60%,2.40%,0.00%,1.80%,4.40%,0.00%,4.70%,0.00%,0.00%,0.00%,5.10%,1.90%,4.10%,3.50%,0.00%,6.50%,0.00%,0.00%,5.70%,3.20%,1.20%,0.00%,1.10%,0.60%,15.60%,0.00%,4.40%,0.00%,1.80%,0.00%,3.20%,0.00%,4.30%,2.10%,0.00%,0.00%,1.60%,1.00%,0.00%,0.00%,0.00%
11,Age 15 to 19,Est.,15157,0.0032988058322887116,0.0,0.011875700996239361,0.0027050207824767434,0.09091508873787689,0.010622154779969651,0.02777594510787095,0.014184865078841459,0.008312990697367554,0.1869103384574784,0.043544236986210995,0.002309164082602098,0.002243187965956324,0.007917133997492908,0.014316817312133008,0.002111235732664775,0.0032328297156429373,0.013063271095863298,0.004948208748433067,0.0,0.011875700996239361,0.14013327175562446,0.011083987596490071,0.007059444481097843,0.0,0.0012535462162697104,0.006069802731411229,0.0027050207824767434,0.01326119944580062,0.0035627102988718086,0.07534472520947418,0.0038266147654549055,0.05416639176618064,0.022365903542917464,0.004156495348683777,0.02045259616019001,0.012997294979217523,0.004354423698621099,0.018605264894108332,0.0,0.004024543115392228,0.0,0.010952035363198522,0.04361021310285677,0.019924787227023816,0.0,0.01029227419674078,0.036220888038530054,0.0019133073827274528,0.009038727980471069,0.0004618328165204196
12,,%,4.20%,6.00%,0.00%,6.70%,8.30%,3.70%,5.70%,2.70%,27.40%,7.50%,3.90%,6.20%,3.40%,8.20%,2.30%,9.60%,4.50%,5.30%,20.30%,3.10%,0.00%,2.50%,3.50%,4.10%,4.40%,0.00%,1.00%,30.70%,11.60%,5.40%,2.30%,3.80%,5.60%,3.20%,6.20%,9.50%,7.00%,31.80%,3.20%,3.30%,0.00%,2.00%,0.00%,10.00%,3.60%,9.30%,0.00%,2.50%,12.40%,9.60%,10.70%,18.40%
13,Age 20 to 24,Est.,26740,0.0004487658937920718,0.0,0.007255048616305161,0.0011593118922961854,0.08171278982797307,0.02142857142857143,0.028421839940164548,0.0019446522064323112,0.004599850411368736,0.15531039640987285,0.05074794315632012,0.002580403889304413,0.0060583395661929695,0.0331338818249813,0.018100224382946895,0.006469708302169035,0.005983545250560957,0.015482423335826476,0.007816005983545251,0.0016454749439042632,0.007554225878833209,0.1449513836948392,0.009985041136873598,0.010059835452505609,0.0014210919970082275,0.0020942408376963353,0.0036649214659685864,0.0043754674644727,0.022849663425579658,0.0014958863126402393,0.05635751682872102,0.0008975317875841437,0.06099476439790576,0.018287210172026926,0.012528047868362004,0.029805534779356768,0.0005235602094240838,0.011780104712041885,0.024308152580403888,0.0038893044128646224,0.004450261780104712,0.0,0.006581899775617053,0.05905011219147345,0.010172026925953627,0.0,0.008676140613313389,0.016529543754674646,0.0008975317875841437,0.015519820493642483,0.0
14,,%,7.40%,1.40%,0.00%,7.20%,6.30%,5.90%,20.40%,4.90%,6.60%,7.40%,5.70%,12.70%,6.80%,39.10%,17.00%,21.30%,24.30%,17.20%,42.40%,8.70%,11.70%,2.90%,6.30%,6.50%,11.10%,10.70%,3.10%,32.70%,33.20%,16.30%,1.70%,5.00%,2.30%,6.40%,8.90%,50.60%,17.90%,2.30%,15.40%,7.70%,8.30%,3.90%,0.00%,10.60%,8.60%,8.30%,0.00%,3.70%,10.00%,8.00%,32.40%,0.00%
15,Age 25 to 29,Est.,37630,0.0038267339888386925,0.0,0.0023651342014350254,0.0018070688280627158,0.09569492426255648,0.007733191602444858,0.049162901939941536,0.0,0.0023651342014350254,0.17196385862343874,0.010443794844538931,0.0030560722827531225,0.0016476215785277703,0.018814775445123572,0.007547169811320755,0.0020993887855434495,0.0013818761626361944,0.0,0.01836300823810789,0.0023651342014350254,0.013446718044113739,0.16795110284347595,0.010310922136593143,0.005075737443529099,0.0002125963327132607,0.005713526441668881,0.0,0.0,0.017246877491363274,0.011028434759500398,0.10518203560988573,0.0011427052883337763,0.0640977943130481,0.006962529896359287,0.00047834174860483656,0.014057932500664363,0.0007175126229072549,0.0028434759500398617,0.037948445389317034,0.0015413234121711401,0.015705554079192136,0.0,0.003986181238373638,0.06436353972893967,0.008211533351049695,0.0,0.011373903800159447,0.022854105766675525,0.0011958543715120914,0.005713526441668881,0.0
16,,%,10.40%,17.20%,0.00%,3.30%,13.80%,9.80%,10.40%,12.00%,0.00%,5.30%,8.90%,3.70%,11.30%,15.00%,13.60%,12.50%,11.10%,5.60%,0.00%,28.70%,23.70%,7.10%,10.30%,9.40%,7.90%,2.30%,11.70%,0.00%,0.00%,17.30%,17.50%,13.00%,4.10%,9.40%,4.80%,2.70%,11.90%,4.40%,5.20%,16.90%,4.60%,19.20%,0.00%,9.00%,13.20%,9.50%,0.00%,6.80%,19.40%,15.00%,16.80%,0.00%
17,Age 30 to 34,Est.,50859,0.001946558131304194,0.0015336518610275468,0.005112172870091822,0.0014550030476415186,0.10761123891543287,0.007550286085058692,0.04720895023496333,0.0010224345740183645,0.004168387109459486,0.13946400833677422,0.02465640299651979,0.0036375076191037968,0.00047189288031616823,0.01834483572229104,0.002359464401580841,0.0003932440669301402,0.0009241235572858295,0.001966220334650701,0.0034605477889852335,0.0,0.026386676891012407,0.21724768477555595,0.012446174718338938,0.011423740144320573,0.002005544741343715,0.0021628423681157713,0.0,0.0,0.004384671346271063,0.007963192355335338,0.0804970605005997,0.002634735248431939,0.06612398985430307,0.013802866749247921,0.00025560864350459114,0.012583810141764486,0.0002162842368115771,0.004443657956310584,0.04081873414734855,0.0014353408442950117,0.015041585560077862,0.0006291905070882243,0.0030279793153620794,0.04465286379991742,0.010932185060657898,0.0,0.03065337501720443,0.00933954658959083,0.00027527084685109813,0.005328457106903399,0.0
18,,%,14.00%,11.90%,24.50%,9.60%,15.00%,14.90%,13.70%,15.50%,6.60%,12.70%,9.70%,11.80%,18.10%,5.80%,17.90%,5.30%,2.80%,5.10%,10.20%,7.30%,0.00%,19.00%,18.10%,15.30%,24.00%,28.70%,6.00%,0.00%,0.00%,6.00%,17.10%,13.50%,12.90%,13.10%,12.70%,2.00%,14.40%,1.80%,11.10%,24.50%,5.80%,24.90%,37.60%,9.30%,12.40%,17.10%,0.00%,24.90%,10.70%,4.70%,21.20%,0.00%
19,Age 35 to 39,Est.,47644,0.0005457140458399798,0.0,0.007619007639996642,0.0008395600705230459,0.12100159516413399,0.004197800352615229,0.037843170178826296,0.003442196289144488,0.004554613382587524,0.1898245319452607,0.021765594828309965,0.002371757199227605,0.0011543950969691882,0.009864830828645789,0.0037570313155906305,0.0027495592309629753,0.005226261439005961,0.0032113172697506506,0.007388128620602804,0.0,0.02031735370665771,0.21971287045588112,0.011543950969691881,0.004050877340273697,0.0016371421375199395,0.0007136260599445891,0.0009654940811015028,0.002182856183359919,0.01171186298379649,0.007094282595919738,0.08336831500293845,0.0028545042397783564,0.06313491730333305,0.01716900344219629,0.002728570229199899,0.009340105784568885,0.0,0.003127361262698346,0.021807572831836118,0.004554613382587524,0.0031903282679875745,0.001112417093443036,0.004008899336747545,0.04216690454201998,0.009004281756359667,0.0,0.01895306859205776,0.005478129460162875,0.0007136260599445891,0.0,0.0
20,,%,13.10%,3.10%,0.00%,13.50%,8.10%,15.60%,7.10%,11.70%,20.90%,13.00%,12.40%,9.70%,11.10%,13.30%,9.00%,7.90%,18.40%,26.80%,15.70%,14.60%,0.00%,13.70%,17.10%,13.30%,8.00%,22.00%,1.90%,15.30%,29.50%,14.90%,14.30%,13.10%,13.10%,11.70%,14.80%,19.60%,10.00%,0.00%,7.30%,12.30%,17.30%,4.90%,62.40%,11.50%,11.00%,13.20%,0.00%,14.40%,5.90%,11.30%,0.00%,0.00%
21,Age 40 to 44,Est.,42083,0.003469334410569589,0.0007366394981346387,0.008530760639688235,0.0025901195256992134,0.09065418339947247,0.008245609866216762,0.044911246821757005,0.001330703609533541,0.0016158543830050139,0.180191526269515,0.033410165625074255,0.0031604210726421597,0.00033267590238338524,0.00843571038186441,0.0043485492954399635,0.002994083121450467,0.002803982605802818,0.00040396359575125347,0.009861464249221776,0.0018059548986526625,0.02744576194662928,0.200746144523917,0.014542689447045126,0.007817883706009552,0.002400019010051565,0.003802010312952974,0.0,0.0008316897559584631,0.005251526744766295,0.0037307226195851056,0.09533540859729582,0.008221847301760806,0.0700758025806145,0.014257538673573652,0.0,0.007247582159066606,0.0,0.005489152389325856,0.026709122448494643,0.0044673621177197444,0.00929116270227883,0.0,0.0023287313166836963,0.05018653613097925,0.005394102131502032,0.0020198179787562676,0.010883254520827888,0.010598103747356414,0.0,0.0009505025782382435,0.00014257538673573652
22,,%,11.60%,17.50%,9.70%,13.30%,22.10%,10.40%,12.40%,12.20%,7.10%,4.10%,10.40%,13.20%,13.00%,3.40%,6.80%,8.10%,17.70%,12.70%,1.70%,17.20%,20.20%,16.30%,13.80%,14.80%,13.60%,28.50%,8.70%,0.00%,9.90%,5.90%,6.60%,13.20%,33.30%,11.50%,10.90%,0.00%,6.90%,0.00%,11.30%,13.30%,15.00%,12.70%,0.00%,5.90%,11.50%,7.00%,67.50%,7.30%,10.10%,0.00%,3.10%,15.80%
23,Age 45 to 49,Est.,36489,0.0065773246731891805,0.0015621146098824302,0.005426292855381073,0.0,0.09723478308531339,0.010085231165556744,0.04878182465948642,0.0016443311682972951,0.0022198470772013482,0.20600728986817946,0.040532763298528326,0.0032612568171229684,0.0,0.01954013538326619,0.003233851297651347,0.0,0.0038641782454986433,0.00043848831154594535,0.0025487133108608073,0.0016443311682972951,0.010934802269177013,0.18748115870536325,0.0070706240236783685,0.0035353120118391842,0.0,0.005070021102249993,0.0,0.0,0.005782564608512154,0.011702156814382417,0.09038340321740798,0.0006303269478472965,0.08854723341280935,0.01638850064402971,0.0,0.007536517854695936,0.0009317876620351339,0.007015812984735126,0.012168050645399983,0.0037271506481405354,0.003370878895009455,0.0,0.0065773246731891805,0.03817588862396887,0.005782564608512154,0.0,0.016635150319274303,0.013428704541094577,0.002521307791389186,0.0,0.0
24,,%,10.10%,28.70%,17.90%,7.30%,0.00%,9.60%,13.10%,11.50%,7.60%,4.80%,10.30%,13.90%,11.70%,0.00%,13.70%,5.20%,0.00%,15.20%,1.60%,3.90%,16.00%,5.60%,11.20%,6.30%,5.30%,0.00%,10.10%,0.00%,0.00%,5.60%,18.00%,10.90%,2.20%,12.60%,10.80%,0.00%,6.20%,5.50%,12.50%,5.20%,10.90%,4.00%,0.00%,14.40%,7.60%,6.50%,0.00%,9.70%,11.10%,30.60%,0.00%,0.00%
25,Age 50 to 54,Est.,32542,0.0006453198942904554,0.0004302132628603036,0.015241841312765042,0.0015979349763382705,0.0912359412451601,0.0027349271710405015,0.05073443549874009,0.0007067789318419273,0.00832769958822445,0.2584045233851638,0.030084198881445517,0.00221252535185299,0.0007989674881691353,0.005500583860856739,0.004824534447790548,0.002273984389404462,0.0,0.0,0.005500583860856739,0.0,0.019021572122180568,0.14393706594554728,0.0085428062196546,0.003994837440845676,0.0,0.017638743777272446,0.001966689201647102,0.0,0.008481347182103128,0.0015672054575625346,0.08244729887529961,0.0015364759387867986,0.05850900374900129,0.017608014258496712,0.0,0.012722020773154692,0.0017208530514412144,0.01266056173560322,0.01425849671194149,0.005377665785753795,0.007743838731485465,0.0,0.007190707393522218,0.0469854342081003,0.008020404400467088,0.0,0.01883719500952615,0.014412144305820171,0.0003072951877573597,0.003257328990228013,0.0
26,,%,9.00%,2.50%,4.40%,18.40%,10.50%,8.10%,3.20%,10.70%,2.90%,16.20%,11.50%,9.20%,7.10%,6.30%,3.40%,6.90%,10.40%,0.00%,0.00%,7.40%,0.00%,8.70%,7.70%,6.70%,5.40%,0.00%,31.30%,21.30%,0.00%,7.40%,2.20%,8.80%,4.80%,7.40%,10.40%,0.00%,9.30%,9.00%,20.10%,5.50%,14.00%,8.20%,0.00%,14.10%,8.40%,8.00%,0.00%,9.80%,10.60%,3.30%,8.30%,0.00%
27,Age 55 to 59,Est.,21249,0.0,0.0008941597251635371,0.009365146595133888,0.001129464915996047,0.11534660454609628,0.003200150595322133,0.048284625158831,0.0026824791754906114,0.001082403877829545,0.2457527413054732,0.03327215398371688,0.00578850769447974,0.000988281801496541,0.009976940091298413,0.012988846533954539,0.0,0.000941220763330039,0.0,0.0034825168243211445,0.0,0.014306555602616594,0.12922961080521436,0.00847098686997035,0.008188620640971339,0.0,0.0033883947479881405,0.0,0.0,0.010541672549296437,0.0046119817403171915,0.072285754623747,0.00432961551131818,0.08729822579886112,0.023248152854251965,0.0,0.004141371358652172,0.00578850769447974,0.0027766012518236154,0.011106405007294462,0.005364958350981223,0.01473010494611511,0.0,0.000941220763330039,0.05986164054779049,0.006823850534142783,0.0,0.017412584121605724,0.007812132335639324,0.0012235869923290508,0.000941220763330039,0.0
28,,%,5.90%,0.00%,6.00%,7.40%,4.90%,6.70%,2.40%,6.60%,7.30%,1.40%,7.20%,6.60%,12.00%,5.10%,4.10%,12.20%,0.00%,2.20%,0.00%,3.10%,0.00%,4.30%,4.50%,4.40%,7.20%,0.00%,3.90%,0.00%,0.00%,6.00%,4.10%,5.10%,8.90%,7.20%,9.00%,0.00%,2.00%,19.90%,2.90%,2.80%,9.10%,10.20%,0.00%,1.20%,6.90%,4.50%,0.00%,5.90%,3.70%,8.60%,1.60%,0.00%
29,Age 60 to 64,Est.,14285,0.0038501925096254812,0.0,0.0027301365068253414,0.0,0.1288064403220161,0.00168008400420021,0.03640182009100455,0.001400070003500175,0.0018900945047252364,0.24151207560378019,0.04536226811340567,0.0023101155057752886,0.0,0.00833041652082604,0.0006300315015750788,0.0,0.0032201610080504024,0.005530276513825691,0.00504025201260063,0.0,0.02807140357017851,0.08421421071053553,0.019320966048302416,0.0056002800140007,0.0,0.0,0.0,0.0023801190059502975,0.004130206510325516,0.0032201610080504024,0.09856492824641232,0.007070353517675884,0.0896044802240112,0.01239061953097655,0.0,0.011900595029751488,0.005320266013300665,0.0075603780189009455,0.0072103605180259015,0.0032901645082254113,0.0035701785089254463,0.0,0.0020301015050752536,0.07546377318865943,0.009310465523276164,0.0,0.018900945047252364,0.0075603780189009455,0.0,0.004620231011550577,0.0
30,,%,3.90%,6.60%,0.00%,1.40%,0.00%,5.00%,0.90%,3.40%,2.50%,1.60%,4.70%,6.10%,3.20%,0.00%,2.30%,0.40%,0.00%,5.00%,8.10%,3.00%,0.00%,5.70%,2.00%,6.70%,3.30%,0.00%,0.00%,0.00%,9.70%,1.60%,1.90%,4.60%,9.70%,5.00%,3.20%,0.00%,3.80%,12.30%,5.30%,1.20%,3.80%,1.70%,0.00%,1.70%,5.90%,4.10%,0.00%,4.30%,2.40%,0.00%,5.20%,0.00%
31,Age 65 to 69,Est.,8729,0.0048115477145148355,0.0,0.014778325123152709,0.0,0.1084889448963226,0.004124183755298431,0.057624011914308625,0.0,0.0033222591362126247,0.30759537174934126,0.01890250887845114,0.0,0.0,0.01752778096001833,0.0,0.0,0.0,0.0,0.00801924619085806,0.0,0.01729865964027953,0.09210677053499829,0.007675564211249857,0.0,0.0,0.002978577156604422,0.0,0.0,0.008477488830335663,0.003551380455951426,0.10425020048115477,0.0,0.07354794363615534,0.004696987054645435,0.0,0.013289036544850499,0.0061862756329476454,0.0019475312177798143,0.011456065986940085,0.01603849238171612,0.009050292129682667,0.0,0.0,0.0404399129338985,0.01626761370145492,0.0027494558368656202,0.007102760911902852,0.009737656088899073,0.0030931378164738227,0.0,0.002864016496735021
32,,%,2.40%,5.00%,0.00%,4.80%,0.00%,2.60%,1.30%,3.30%,0.00%,1.70%,3.70%,1.50%,0.00%,0.00%,2.90%,0.00%,0.00%,0.00%,0.00%,2.90%,0.00%,2.10%,1.30%,1.60%,0.00%,0.00%,1.40%,0.00%,0.00%,2.00%,1.30%,3.00%,0.00%,2.50%,0.70%,0.00%,2.60%,8.70%,0.80%,1.20%,11.20%,2.60%,0.00%,0.00%,1.90%,4.40%,19.00%,1.00%,1.90%,9.00%,0.00%,65.80%
33,Age 70 to 74,Est.,5768,0.0,0.0,0.0036407766990291263,0.0,0.11321081830790569,0.015603328710124827,0.05339805825242718,0.0,0.012135922330097087,0.2912621359223301,0.013696255201109571,0.0,0.0,0.005201109570041609,0.0,0.0,0.0,0.0,0.0,0.0,0.03311373092926491,0.07333564493758668,0.01542995839112344,0.005894590846047157,0.0048543689320388345,0.028952843273231624,0.0,0.0,0.0,0.017337031900138695,0.0611997226074896,0.0,0.10731622746185852,0.023231622746185853,0.0,0.006414701803051317,0.0,0.0,0.030686546463245493,0.0,0.009015256588072122,0.0,0.0036407766990291263,0.04628987517337032,0.0031206657420249652,0.0029472954230235784,0.014389736477115118,0.004680998613037448,0.0,0.0,0.0
34,,%,1.60%,0.00%,0.00%,0.80%,0.00%,1.80%,3.20%,2.00%,0.00%,4.20%,2.30%,0.70%,0.00%,0.00%,0.60%,0.00%,0.00%,0.00%,0.00%,0.00%,0.00%,2.70%,0.70%,2.20%,1.40%,7.90%,9.10%,0.00%,0.00%,0.00%,4.20%,1.20%,0.00%,2.40%,2.40%,0.00%,0.80%,0.00%,0.00%,2.10%,0.00%,1.70%,0.00%,1.30%,1.50%,0.60%,13.50%,1.30%,0.60%,0.00%,0.00%,0.00%
35,Age 75 to 79,Est.,3809,0.0,0.0,0.0,0.014176949330532948,0.13520609083749016,0.005513258072985036,0.02021527960094513,0.0,0.0039380414807035965,0.3307954843791021,0.015489629824100813,0.0,0.0,0.0073510107639800475,0.006038330270412182,0.019952743502231557,0.0007876082961407193,0.0,0.0,0.0,0.016539774218955108,0.08059858230506695,0.010763980047256498,0.0,0.0,0.0,0.0,0.005513258072985036,0.009713835652402206,0.0,0.07771068521921765,0.0073510107639800475,0.07771068521921765,0.0,0.0,0.01680231031766868,0.0,0.014702021527960095,0.0,0.0,0.0,0.0,0.006300866369125755,0.062221055395116825,0.03885534260960882,0.0,0.012864268836965082,0.0,0.0,0.002887897085849304,0.0
36,,%,1.10%,0.00%,0.00%,0.00%,11.00%,1.40%,0.70%,0.50%,0.00%,0.90%,1.70%,0.60%,0.00%,0.00%,0.50%,1.00%,10.70%,0.30%,0.00%,0.00%,0.00%,0.90%,0.50%,1.00%,0.00%,0.00%,0.00%,0.00%,6.00%,1.00%,0.00%,1.00%,2.70%,1.20%,0.00%,0.00%,1.40%,0.00%,2.70%,0.00%,0.00%,0.00%,0.00%,1.40%,1.30%,4.50%,0.00%,0.80%,0.00%,0.00%,0.90%,0.00%
37,Age 80 to 84,Est.,2031,0.0,0.0,0.018217626784835055,0.0,0.06006893156080748,0.0,0.022156573116691284,0.0,0.0,0.310192023633678,0.0,0.0,0.0,0.0206794682422452,0.009847365829640572,0.0,0.0,0.0,0.0,0.05268340718857706,0.0,0.029542097488921712,0.015263417035942885,0.0,0.0,0.0,0.0,0.0,0.006400787789266372,0.0,0.11275233874938453,0.0,0.1309699655342196,0.07631708517971443,0.0,0.0,0.0,0.02117183653372723,0.013786312161496799,0.0,0.0,0.0,0.0,0.028557360905957656,0.029049729197439686,0.0,0.04037419990152634,0.0019694731659281144,0.0,0.0,0.0
38,,%,0.60%,0.00%,0.00%,1.40%,0.00%,0.30%,0.00%,0.30%,0.00%,0.00%,0.90%,0.00%,0.00%,0.00%,0.80%,0.90%,0.00%,0.00%,0.00%,0.00%,28.50%,0.00%,0.10%,0.80%,0.00%,0.00%,0.00%,0.00%,0.00%,0.30%,0.00%,0.80%,0.00%,1.00%,2.80%,0.00%,0.00%,0.00%,2.10%,0.30%,0.00%,0.00%,0.00%,0.00%,0.30%,1.80%,0.00%,1.30%,0.10%,0.00%,0.00%,0.00%
39,Age 85 and over,Est.,1917,0.0,0.0,0.0,0.0,0.16953573291601462,0.010954616588419406,0.0,0.0,0.03182055294731351,0.4856546687532603,0.0,0.0,0.0,0.02556077203964528,0.0,0.0,0.0,0.0,0.0,0.0,0.008868022952529996,0.0099113197704747,0.0,0.0,0.0,0.0,0.0,0.0,0.0,0.0,0.07876890975482524,0.001564945226917058,0.08294209702660407,0.03234220135628586,0.0,0.0,0.0,0.0,0.04538341158059468,0.0,0.0,0.0,0.0,0.005738132498695879,0.0,0.0,0.010954616588419406,0.0,0.0,0.0,0.0
40,,%,0.50%,0.00%,0.00%,0.00%,0.00%,0.90%,0.70%,0.00%,0.00%,3.70%,1.30%,0.00%,0.00%,0.00%,0.90%,0.00%,0.00%,0.00%,0.00%,0.00%,0.00%,0.20%,0.00%,0.00%,0.00%,0.00%,0.00%,0.00%,0.00%,0.00%,0.00%,0.50%,0.30%,0.60%,1.10%,0.00%,0.00%,0.00%,0.00%,1.00%,0.00%,0.00%,0.00%,0.00%,0.10%,0.00%,0.00%,0.30%,0.00%,0.00%,0.00%,0.00%
41,Age 0 to 20,Est.,34694,0.0014411713841009973,0.0034299878941603736,0.008992909436790222,0.0011817605349628178,0.0836744105609039,0.008502911166195884,0.023952268403758574,0.009511731135066582,0.012480544186314637,0.21608923733210353,0.03868103994927077,0.0017005822332391768,0.0017582290886032166,0.023519916988528275,0.012221133337176457,0.0009223496858246382,0.002680578774427855,0.008099383178647605,0.006427624373090448,0.0,0.02187698161065314,0.13526834611171962,0.015651121231336832,0.009050556292154262,0.0,0.007061739782094887,0.003228223900386234,0.0012970542456908975,0.018735227993312963,0.007580561480371246,0.060673315270651985,0.0016717588055571568,0.0611344901135643,0.012480544186314637,0.007811148901827406,0.019686401106819622,0.006456447800772468,0.003718222170980573,0.016775234910935608,0.0,0.005879979247132069,0.0,0.011644664783536058,0.05378451605464922,0.01086643223612152,0.0,0.014786418400876232,0.018331700005764687,0.0008358794027785784,0.008243500317057704,0.00020176399377413963
42,,%,9.60%,6.00%,37.40%,11.60%,8.30%,7.90%,10.50%,5.40%,42.00%,25.90%,10.30%,12.60%,5.80%,14.70%,15.70%,18.70%,4.50%,10.00%,28.80%,9.30%,0.00%,10.70%,7.70%,13.20%,13.00%,0.00%,13.40%,37.30%,12.80%,17.30%,11.10%,6.90%,5.60%,8.30%,7.90%,40.90%,15.40%,36.20%,6.30%,6.90%,0.00%,6.60%,0.00%,24.30%,10.20%,11.60%,0.00%,8.20%,14.40%,9.60%,22.30%,18.40%
43,Age 21 to 34,Est.,111158,0.00229403191853038,0.000701703880962234,0.004884938555929398,0.0015563432231598265,0.09886827758685834,0.011227262095395743,0.04507997625002249,0.000683711473758074,0.0033825725543820506,0.15285449540293997,0.024703575091311467,0.0033195991291674913,0.0021321002536929417,0.018415228773457602,0.007898666762626171,0.002446967379765739,0.0023300167329387,0.0038773637524964467,0.008348476942730167,0.0011964950790766297,0.01844221738426384,0.18453912448946544,0.010813436729700067,0.009365047949765198,0.0013314381331078285,0.003337591536371651,0.000701703880962234,0.0010165710070350312,0.01281059392936181,0.0077367350977887335,0.08451033663793879,0.0018082369240180643,0.06585221036722504,0.01283758254016805,0.00234800914014286,0.016624984256643695,0.00046780258730815596,0.005262779107216754,0.03670451069648608,0.002114107846488782,0.013116464851832526,0.0002878785152665575,0.0036254700516382085,0.05508375465553536,0.009967793591104553,0.0,0.019962575793015348,0.015617409453210745,0.0007466848989726336,0.006765145108764101,0.0
44,,%,30.70%,30.50%,24.50%,20.10%,35.10%,29.80%,44.50%,32.40%,9.70%,22.50%,23.30%,25.80%,36.10%,57.20%,39.30%,38.70%,38.30%,27.90%,44.10%,38.60%,35.40%,29.00%,33.50%,29.10%,42.90%,41.70%,20.20%,26.00%,32.10%,38.00%,36.30%,31.00%,19.40%,28.50%,25.90%,39.40%,41.60%,8.40%,28.60%,48.20%,18.80%,47.40%,37.60%,24.20%,33.40%,34.00%,0.00%,35.50%,39.20%,27.60%,58.70%,0.00%
45,Age 35 to 64,Est.,194292,0.0025116834455355857,0.000622773969077471,0.008512959874827579,0.0011580507689457106,0.10493484034340066,0.0056409939678422165,0.04462355629670805,0.0019558190764416444,0.0035359150145142363,0.2121806353323863,0.03219895826899718,0.0030521071377102504,0.0005970395075453441,0.010540835443559179,0.004745434706524201,0.0017036213534268008,0.0029543161838881684,0.0013639264612027259,0.006099067383114076,0.0006999773536738518,0.019794947810512012,0.17700162641796882,0.01108640602804027,0.005327033537150269,0.0009212937228501431,0.005275564614086015,0.0005661581537067919,0.0008904123690115909,0.007972536182652914,0.00574907870627715,0.08702880200934676,0.0038498754452061844,0.07322483684351389,0.01677886891894674,0.0006690959998352995,0.00873427624400387,0.001487451876556935,0.0062534741523068375,0.017550902764910548,0.004513824552735059,0.006598315936837337,0.0002727852922405452,0.004179276552817409,0.0483447594342536,0.0072365305828340845,0.00043748584604615733,0.01657814011899615,0.009984971074465238,0.0008337965536409116,0.0011940790150906883,3.088135383855228e-05
46,,%,53.60%,58.40%,38.10%,61.40%,45.60%,55.30%,39.00%,56.10%,48.30%,41.10%,56.60%,58.80%,58.10%,28.00%,39.30%,40.70%,46.60%,61.80%,27.10%,49.30%,36.20%,54.30%,56.20%,52.20%,42.70%,50.40%,55.90%,36.70%,49.10%,41.30%,47.10%,55.70%,72.10%,55.50%,59.10%,19.60%,38.20%,46.70%,59.40%,40.30%,70.00%,41.70%,62.40%,48.80%,51.30%,43.20%,67.50%,51.50%,43.80%,53.80%,18.10%,15.80%
47,Age 65 and over,Est.,22254,0.0018873011593421407,0.0,0.008402983733261437,0.0024265300620113237,0.11512537071987058,0.007549204637368563,0.041925047182528985,0.0,0.007863754830592254,0.32290824121506245,0.013615529792396873,0.0,0.0,0.013570594050507773,0.0019322369012312393,0.003415116383571493,0.00013480722566729578,0.0,0.003145501932236901,0.004808124382133549,0.018962883077199604,0.07248135166711603,0.010245349150714478,0.001527815224229352,0.0012582007728947605,0.008672598184596028,0.0,0.0009436505796710703,0.005572031994248225,0.005886582187471915,0.08713040352296217,0.0013930079985620563,0.0890626404241934,0.017614810820526648,0.0,0.009751055989934395,0.0024265300620113237,0.005212546059135436,0.017614810820526648,0.006291003864473802,0.005886582187471915,0.0,0.0020221083850094365,0.041610496989305294,0.016491417273299183,0.001842365417453042,0.01334591534106228,0.005212546059135436,0.0012132650310056618,0.0004942931607800845,0.0011233935472274648
48,,%,6.10%,5.00%,0.00%,6.90%,11.00%,7.00%,6.00%,6.00%,0.00%,10.50%,9.90%,2.80%,0.00%,0.00%,5.80%,1.90%,10.70%,0.30%,0.00%,2.90%,28.50%,6.00%,2.60%,5.50%,1.40%,7.90%,10.50%,0.00%,6.00%,3.30%,5.50%,6.40%,3.00%,7.70%,7.10%,0.00%,4.90%,8.70%,5.70%,4.60%,11.20%,4.30%,0.00%,2.70%,5.10%,11.30%,32.50%,4.80%,2.60%,9.00%,0.90%,65.80%
49,Female,Est.,198344,0.0028132940749405074,0.0004991328197475094,0.00931210422296616,0.0013562295809301011,0.1031440325898439,0.007350865163554229,0.03933569959262695,0.0023696204573871657,0.005898842415197838,0.20780563062154642,0.03176299762029605,0.0032418424555318032,0.000776428830718348,0.013668172468035332,0.004940910740934942,0.0020368652442221595,0.002107449683378373,0.0016940265397491227,0.005082079619247368,0.0016738595571330617,0.020242608800871215,0.1593242044125358,0.01256907191546001,0.006624853789376033,0.0009730569112249425,0.005223248497559795,0.0002974629935868995,0.0007965958133344089,0.010169200984148752,0.005374500867180253,0.08291150728028072,0.002823377566248538,0.07255576170693341,0.01614366958415682,0.0015074819505505586,0.011016214254023313,0.0020973661920703425,0.004809825353930545,0.022395434195135722,0.003851893679667648,0.007199612793933771,0.000267212519662808,0.00470899044085024,0.05426935021982011,0.009438147864316541,0.000635259952405921,0.017746944702133668,0.012382527326261444,0.0010335578590731254,0.0035846811600048403,0.00015629411527447263
50,,%,54.70%,66.80%,31.10%,68.50%,54.60%,55.50%,51.90%,50.50%,59.80%,70.00%,56.50%,59.20%,63.00%,37.20%,52.00%,43.20%,56.80%,45.00%,34.40%,41.90%,88.30%,56.70%,51.60%,60.40%,54.20%,54.40%,56.50%,19.70%,44.90%,53.80%,45.00%,54.20%,53.90%,56.10%,58.10%,45.20%,49.20%,67.20%,46.70%,52.50%,61.00%,46.40%,62.40%,56.10%,58.80%,57.50%,100.00%,56.30%,55.50%,68.10%,55.50%,81.60%
51,Male,Est.,164054,0.0016884684311263365,0.001334926304753313,0.005175125263632706,0.0013654040742682287,0.09987565070037914,0.008222902215124289,0.046588318480500324,0.0019261950333426799,0.003053872505394565,0.1931193387543126,0.026497372816267815,0.002304119375327636,0.0015848440147756227,0.015251075865263877,0.007844977873139333,0.0018713350482158313,0.003114828044424397,0.003907250051812208,0.008521584356370463,0.00026820437173125924,0.018664586050934448,0.1804771599595255,0.00996013507747449,0.006766064832311312,0.0009874797322832725,0.0048642520145805645,0.0014690284906189427,0.0011825374571787339,0.010545308252160874,0.00795469784339303,0.08474039035927194,0.0029136747656259526,0.06862984139368744,0.01408072951589111,0.0022126860667828884,0.013775951820741952,0.0012373974423055822,0.006650249308154632,0.024516317797798285,0.002974630304655784,0.01003937727821327,0.00019505772489546126,0.0044497543491777095,0.04598485864410499,0.008448437709534665,0.0,0.01664086215514404,0.0120204322966828,0.0005851731746863838,0.0034744657247004034,4.2668877320882146e-05
52,,%,45.30%,33.20%,68.90%,31.50%,45.40%,44.50%,48.10%,49.50%,40.20%,30.00%,43.50%,40.80%,37.00%,62.80%,48.00%,56.80%,43.20%,55.00%,65.60%,58.10%,11.70%,43.30%,48.40%,39.60%,45.80%,45.60%,43.50%,80.30%,55.10%,46.20%,55.00%,45.80%,46.10%,43.90%,41.90%,54.80%,50.80%,32.80%,53.30%,47.50%,39.00%,53.60%,37.60%,43.90%,41.20%,42.50%,0.00%,43.70%,44.50%,31.90%,44.50%,18.40%
53,Married,Est.,198460,0.0019348987201451174,0.0008364405925627331,0.007795021666834627,0.002277537035170815,0.10274110652020559,0.0076539353018240455,0.04694648795727099,0.001294971278847123,0.0019752091101481405,0.2057694245691827,0.03164869495112365,0.0027159125264536936,0.001068225335080117,0.014481507608586113,0.005613221807920991,0.0011538849138365414,0.0030031240552252344,0.0013100876750982565,0.006691524740501865,0.0007507810138063086,0.019968759447747658,0.167106721757533,0.01357452383351809,0.007664012899324801,0.001456212838859216,0.005865161745439887,0.00038798750377909907,0.0006348886425476167,0.0070039302630252945,0.007220598609291545,0.08314017938123551,0.003018240451476368,0.06295979038597198,0.0148493399173637,0.0008817897813161342,0.008838053008162854,0.0017383855688803788,0.005159729920386979,0.022160636904162048,0.004807014007860526,0.009059760153179481,0.0004282978937821223,0.004474453290335584,0.05607679129295576,0.010102791494507709,0.0006348886425476167,0.020165272599012397,0.010601632570795123,0.000559306661291948,0.0016728811851254661,0.00012596996875944774
54,,%,54.80%,46.00%,52.20%,57.40%,91.70%,55.30%,54.10%,60.30%,32.70%,23.50%,56.00%,59.00%,52.80%,51.20%,55.10%,49.10%,32.20%,64.20%,26.60%,55.20%,39.60%,56.00%,54.20%,65.30%,62.70%,81.40%,63.50%,25.70%,35.80%,37.10%,60.40%,54.40%,57.70%,48.70%,53.50%,26.40%,39.50%,55.70%,50.10%,52.00%,76.20%,58.50%,100.00%,53.40%,60.80%,61.50%,100.00%,64.00%,47.50%,36.90%,25.90%,65.80%
55,Widowed,Est.,8669,0.0,0.0,0.008420809781981774,0.0,0.08293920867458761,0.002422424731802976,0.022263236820855924,0.0,0.0,0.31976006459799283,0.02145576191025493,0.010035759603183758,0.0,0.0171876802399354,0.0,0.008766870457953628,0.0,0.0,0.006690506402122505,0.01234283077632945,0.029184450340293,0.10197254585303957,0.0013842427038874149,0.0,0.0,0.0,0.0,0.0,0.0036913138770331066,0.0,0.10589456684738724,0.0,0.07682547006575152,0.035182835390471796,0.0,0.016034144653362555,0.0,0.008420809781981774,0.03529818894912908,0.010497173837812896,0.005075556580920521,0.0,0.0027684854077748297,0.025608490021917178,0.011304648748413889,0.0,0.01661091244664898,0.0,0.0004614142346291383,0.0014995962625446995,0.0
56,,%,2.40%,0.00%,0.00%,2.70%,0.00%,2.00%,0.70%,1.20%,0.00%,0.00%,3.80%,1.70%,8.50%,0.00%,2.90%,0.00%,10.70%,0.00%,0.00%,2.40%,28.50%,3.60%,1.40%,0.30%,0.00%,0.00%,0.00%,0.00%,0.00%,0.90%,0.00%,3.00%,0.00%,2.60%,5.50%,0.00%,3.10%,0.00%,3.60%,3.60%,7.30%,1.40%,0.00%,1.40%,1.20%,3.00%,0.00%,2.30%,0.00%,1.30%,1.00%,0.00%
57,Divorced,Est.,38311,0.0036543029417138682,0.0008613714076896975,0.0051160241183994155,0.0,0.12933622197280153,0.0030017488449792487,0.040171230194983164,0.0033671791391506356,0.002270888256636475,0.24058364438411944,0.028190336978935554,0.0040719375636240245,0.0003654302941713868,0.008300488110464358,0.0025580120591997078,0.0032888726475424814,0.0016444363237712407,0.0016705384876406254,0.0012790060295998539,0.001983764454073243,0.013547023048210696,0.166270783847981,0.00803946647177051,0.0028190336978935553,0.0007308605883427736,0.006995379916995119,0.0,0.0005481454412570802,0.016496567565451176,0.010597478530970218,0.06559473780376393,0.0071780950640808125,0.08031635822609694,0.020855628931638434,0.0,0.010519172039362062,0.0,0.013468716556602542,0.015034846388765628,0.00229699042050586,0.004176346219101563,0.0,0.0016966406515100101,0.039153245804077155,0.008561509749158204,0.0,0.008926940043329591,0.007856751324684816,0.00229699042050586,0.004150244055232179,0.00015661298321630862
58,,%,10.60%,16.80%,10.40%,7.30%,0.00%,13.40%,4.10%,10.00%,16.40%,5.20%,12.60%,10.10%,15.30%,3.40%,6.10%,4.30%,17.70%,6.80%,6.60%,2.00%,20.20%,7.30%,10.40%,7.50%,4.50%,7.90%,14.60%,0.00%,6.00%,16.90%,17.10%,8.30%,26.50%,12.00%,14.50%,0.00%,9.10%,0.00%,25.20%,6.80%,7.00%,5.20%,0.00%,3.90%,8.20%,10.10%,0.00%,5.50%,6.80%,29.20%,12.40%,15.80%
59,Separated,Est.,8783,0.002960264146646932,0.0,0.002732551519981783,0.0,0.10247068199931686,0.007856085619947627,0.04838893316634407,0.0013662757599908915,0.013548901286576341,0.1753387225321644,0.005465103039963566,0.0,0.0,0.004326539906637823,0.0,0.0,0.0,0.0,0.0013662757599908915,0.0,0.02755322782648298,0.2883980416714107,0.013435044973243767,0.0,0.0,0.0,0.0,0.0,0.008994648753273368,0.0,0.11932141637253786,0.0,0.08038255721279745,0.004098827279972675,0.0,0.0,0.0,0.0,0.01115791870659228,0.0,0.011954912899920301,0.0,0.005009677786633269,0.01696459068655357,0.010930206079927132,0.0,0.014232039166571786,0.02174655584652169,0.0,0.0,0.0
60,,%,2.40%,3.10%,0.00%,0.90%,0.00%,2.40%,2.50%,2.80%,1.50%,7.10%,2.10%,0.50%,0.00%,0.00%,0.70%,0.00%,0.00%,0.00%,0.00%,0.50%,0.00%,3.40%,4.10%,2.90%,0.00%,0.00%,0.00%,0.00%,0.00%,2.10%,0.00%,3.50%,0.00%,2.80%,0.70%,0.00%,0.00%,0.00%,0.00%,1.20%,0.00%,3.40%,0.00%,2.60%,0.80%,2.90%,0.00%,2.00%,4.30%,0.00%,0.00%,0.00%
61,Never married or < 15,Est.,108175,0.002634619828980818,0.0011000693321007626,0.007913103767044141,0.0003790154841691703,0.09132424312456668,0.01001155535012711,0.0367090362837994,0.0035867806794545876,0.009919112549110237,0.17132424312456668,0.02821354287034897,0.002209382944303212,0.0017379246591171713,0.016954009706494105,0.009752715507279871,0.0025883984284723826,0.002495955627455512,0.0060365149064016636,0.008865264617517911,0.00040674832447423157,0.01941298821354287,0.16878206609660273,0.009198058701178645,0.00734920268084123,0.00035128264386410907,0.003716200600878207,0.002061474462676219,0.0018950774208458517,0.014920268084122949,0.0049179570140975275,0.08660041599260458,0.0015160619366766813,0.08048070256528773,0.013173099144904091,0.004501964409521608,0.01986595793852554,0.0025329327478622603,0.003993529003928819,0.028527848393806333,0.0011000693321007626,0.008948463138433095,0.0,0.005944072105384793,0.04906863877975503,0.006757568754333257,0.0,0.015132886526461753,0.01693552114629073,0.0009059394499653339,0.007182805639010862,6.470996071180956e-05
62,,%,29.80%,34.10%,37.40%,31.80%,8.30%,26.80%,38.60%,25.70%,49.40%,64.20%,25.40%,28.70%,23.40%,45.40%,35.20%,46.50%,39.40%,29.10%,66.80%,39.90%,11.70%,29.70%,29.80%,24.10%,32.80%,10.70%,21.90%,74.30%,58.20%,43.10%,22.40%,30.90%,15.80%,33.90%,25.90%,73.60%,48.30%,44.30%,21.10%,36.50%,9.50%,31.50%,0.00%,38.60%,29.00%,22.40%,0.00%,26.20%,41.40%,32.60%,60.70%,18.40%
63,Naturalized Citizen,Est.,122952,0.002236645194872796,0.001309454095907346,0.008336586635434967,0.0010166569067603618,0.11863979439130717,0.007344329494436854,0.03385874162274709,0.0007726592491378749,0.002944238401978008,0.2394837009564708,0.024285900188691523,0.00382262996941896,0.000691326696597046,0.010207235343874032,0.005327282191424296,0.00339970069620665,0.0030174376992647537,0.0009597241199817815,0.0029605049124861735,0.0017161168586114907,0.018917951720996813,0.1387940009109246,0.009881905133710716,0.00598607586700501,0.0009678573752358644,0.006539137224282647,0.0,0.00045546229422864206,0.011467889908256881,0.0055550133385386165,0.08775782419155442,0.003847029735181209,0.08077949118355131,0.012940009109245884,0.000536794846769471,0.012948142364499968,0.0012118550328583512,0.0058722102934478495,0.015038388964799271,0.003716897651115883,0.008564317782549288,0.0,0.004326891795172099,0.049328193116012754,0.010459366256750601,0.0010247901620144446,0.01798262736677728,0.008507384995770707,0.0014070531589563406,0.002602641681306526,0.00025213091287656973
64,,%,33.90%,32.90%,50.60%,38.00%,25.40%,39.60%,32.20%,27.00%,12.10%,21.70%,40.40%,28.00%,46.00%,20.50%,24.10%,28.90%,58.80%,39.90%,12.10%,15.10%,56.10%,32.90%,27.90%,29.40%,30.40%,33.50%,43.80%,0.00%,15.90%,37.60%,28.80%,35.60%,45.60%,38.70%,28.90%,10.00%,35.80%,24.10%,35.30%,21.80%,36.50%,34.20%,0.00%,32.00%,33.10%,39.50%,100.00%,35.40%,23.60%,57.50%,25.00%,81.60%
65,American citizen,Est.,147881,0.002508773946619241,0.001643213124065972,0.011401058959568843,0.0017784570025899202,0.11591752828287609,0.008439218019894374,0.03315503682014593,0.0022518105774237394,0.0034892920659178664,0.22768306949506698,0.025933013706967087,0.004327804112766346,0.0010549022524867968,0.010900656609030234,0.006126547697134858,0.0028265970611505197,0.0026440178251431893,0.002312670322759516,0.004030267580013659,0.0014268229184276546,0.01797391145583273,0.12510734982857838,0.009406211751340605,0.007262596276736024,0.001169859549232153,0.006633712241599665,0.0006559328108411493,0.0009534693435938355,0.013598771985583003,0.005098694220352851,0.0858190031173714,0.005423279528810328,0.07988179685017006,0.014775393728741353,0.0004463047991290294,0.01240186366064606,0.002116566698899791,0.006126547697134858,0.01566800332699941,0.003090322624272219,0.007823858372610409,0.0,0.006369986678477965,0.0559977279028408,0.009642888538757515,0.0008520364347008744,0.020976325559064382,0.010359681094934441,0.001399774142722865,0.0029077433882648885,0.0002096280117121199
66,,%,40.80%,44.40%,76.40%,62.50%,53.30%,46.50%,44.50%,31.70%,42.40%,30.90%,46.20%,36.00%,62.70%,37.70%,30.90%,40.00%,58.80%,42.10%,35.00%,24.80%,56.10%,37.60%,30.20%,33.70%,44.30%,48.70%,53.50%,32.30%,40.10%,53.70%,31.80%,41.80%,77.30%,46.10%,39.60%,10.00%,41.30%,50.60%,44.30%,27.40%,36.50%,37.60%,0.00%,56.60%,45.20%,43.80%,100.00%,49.60%,34.60%,68.80%,33.60%,81.60%
67,Entered US before 1990,Est.,68151,0.0031694325835277546,0.0008070314448797523,0.013851594253936112,0.0028172734075802264,0.13437807222197767,0.007483382488884976,0.040087452862026966,0.0036243048524599785,0.007043183518950565,0.20750979442708103,0.016932987043476986,0.003096066088538686,0.00030813927895408723,0.013382048686006075,0.0052236944432216695,0.0011151707238338396,0.0013646168067966721,0.0016727560857507594,0.00466610908130475,0.0015700429927660636,0.02388813076844067,0.09051958151751258,0.011812005693240011,0.00538510073219762,0.000410852371938783,0.007321976199909026,0.0016140628897595047,0.0008070314448797523,0.006720370940998665,0.0006896450528972429,0.10153922906487066,0.006544291353024901,0.10633739783715573,0.013220642397030124,0.0,0.00853986001672756,0.0037710378424381154,0.009478951152587636,0.012560343942128509,0.0049155551642675824,0.006691024343003038,0.0,0.005414447330193247,0.049287611333656146,0.007292629601913399,0.0006016052589103608,0.028700972839723556,0.01192939208522252,0.002200994849672052,0.0013352702088010448,0.00036683247494534194
68,,%,18.80%,25.90%,17.30%,35.00%,38.90%,24.90%,18.20%,17.70%,31.40%,28.70%,19.40%,10.80%,20.70%,5.10%,17.50%,15.70%,10.70%,10.00%,11.70%,13.20%,28.50%,23.00%,10.10%,19.50%,15.10%,7.90%,27.20%,36.70%,15.60%,12.20%,2.00%,22.80%,43.00%,28.30%,16.30%,0.00%,13.10%,41.50%,31.60%,10.10%,26.80%,14.80%,0.00%,22.20%,18.30%,15.30%,32.50%,31.30%,18.40%,49.80%,7.10%,65.80%
69,Entered US 2000 or later,Est.,208415,0.0027445241465345583,0.0012619053331094211,0.005738550488208622,0.0011035674015785811,0.09366888179833505,0.009006069620708683,0.03992514934145815,0.0023606746155507043,0.004750137945925197,0.18458844133099825,0.03393229853897272,0.002389463330374493,0.0017033322937408536,0.017508336732001056,0.008396708490271814,0.0014058489072283666,0.003569800638149845,0.003608185591248231,0.006880502842885589,0.00042703260321953795,0.018223256483458485,0.18806707770553943,0.012950123551567785,0.008233572439603676,0.0011659429503634575,0.00405920879015426,0.000911642636086654,0.0014250413837775591,0.010085646426600772,0.008305544226663148,0.07103615382769954,0.0026485617637885947,0.058940095482570835,0.016265623875440827,0.003137969915793009,0.014322385624835064,0.0016217642684067846,0.005532231365304801,0.03140848787275388,0.002994026341674064,0.010104838903149966,0.00040784012667034525,0.0046781661588657245,0.05301441834800758,0.00927476429239738,0.00040784012667034525,0.014878967444761653,0.015291605690569296,0.0005757742964757815,0.005028428855888492,3.3586833961087254e-05
70,,%,57.50%,68.50%,82.70%,44.40%,46.70%,53.00%,66.90%,53.90%,62.60%,59.20%,52.80%,66.40%,48.80%,85.70%,70.00%,77.20%,41.20%,80.10%,77.00%,59.60%,23.70%,53.70%,64.00%,65.40%,70.80%,68.50%,46.10%,63.30%,84.40%,56.10%,73.00%,48.80%,53.20%,47.90%,61.50%,98.80%,67.20%,54.60%,56.40%,77.30%,49.80%,68.50%,100.00%,58.60%,60.40%,59.30%,67.50%,49.60%,72.00%,39.90%,81.80%,18.40%
71,Speaks English Less Than Very Well,Est.,53621,0.0005035340631469014,0.0,0.003879077227205759,0.0,0.04999906752951269,0.0023684750377650546,0.07219186512746871,0.0006340799313701721,0.0026855150034501406,0.20715764346058446,0.0221181999589713,0.0,0.0006340799313701721,0.0033755431640588576,0.00031703996568508607,0.0,0.0016038492381716118,0.0,0.009996083623953302,0.0,0.013110535051565618,0.2889353051975905,0.0027414632326886856,0.0010630163555323474,0.0012495104529941627,0.0,0.00037298819492363066,0.0007646257995934429,0.0068816321963409855,0.006042408757762817,0.12683463568378062,0.0,0.044068555230226965,0.02053300013054587,0.00048488465340071986,0.006191604035732269,0.000559482292385446,0.005408328826392645,0.03821264056992596,0.0034874396225359466,0.007105425113295164,0.0,0.0,0.028496298092165383,0.004121519553906119,0.0,0.006284851084463177,0.009380653102329311,0.0,0.00020514350720799687,0.0
72,,%,14.80%,3.20%,0.00%,7.70%,0.00%,7.30%,4.50%,25.10%,4.30%,8.60%,15.20%,11.10%,0.00%,8.20%,3.50%,0.70%,0.00%,9.30%,0.00%,22.30%,0.00%,9.90%,25.30%,3.60%,2.40%,18.90%,0.00%,6.70%,11.60%,9.80%,13.70%,22.40%,0.00%,9.20%,20.00%,3.90%,7.50%,4.80%,14.20%,24.20%,14.90%,12.40%,0.00%,0.00%,8.30%,6.80%,0.00%,5.40%,11.40%,0.00%,0.90%,0.00%
73,Less than high school,Est.,59698,0.0005360313578344333,0.0041877449830815105,0.004640021441254314,0.0006867901772253677,0.06487654527789875,0.006650139033133438,0.06733893932795068,0.002361888170457972,0.006013601795705049,0.1979128279004322,0.01958189554088914,0.0014740862340446917,0.001591343093570974,0.00740393313008811,0.004489262621863379,0.00031826861871419476,0.0031491842272772957,0.002026868571811451,0.009280042882508627,0.0,0.025913765955308386,0.2045462159536333,0.008894770344065129,0.007923213507990218,0.0,0.005980099835840397,0.0026131528694428624,0.0007872960568193239,0.017203256390498845,0.006382123354216221,0.10460986967737612,0.0009715568360749104,0.06635063151194345,0.011290160474387752,0.0017253509330295823,0.00973231934068143,0.0010888136956011926,0.005025293979697813,0.03842674796475594,0.0005192803779021073,0.00748768802974974,0.0,0.005477570437870616,0.03727093034942544,0.0071359174511708935,0.0,0.008308486046433717,0.009213038962779323,0.0,0.0004857784180374552,0.00011725685952628229
74,,%,16.50%,3.80%,78.60%,10.30%,8.30%,10.50%,14.10%,26.00%,17.90%,21.50%,16.20%,11.00%,8.60%,22.90%,8.50%,11.80%,2.70%,20.20%,12.40%,23.00%,0.00%,21.90%,19.90%,12.90%,19.50%,0.00%,19.50%,52.00%,13.40%,27.40%,16.10%,20.60%,5.60%,15.40%,12.20%,15.60%,13.10%,10.50%,14.70%,27.10%,2.50%,14.50%,0.00%,19.70%,12.20%,13.10%,0.00%,7.90%,12.40%,0.00%,2.30%,18.40%
75,HighSchool,Est.,94450,0.0002752779248279513,0.0001482265749073584,0.00621492853361567,0.0006246691371095818,0.047506617257808366,0.005622022233986236,0.04892535733192165,0.0006034939121228163,0.0016199047114875595,0.20728427739544733,0.029295923769190046,0.0021704605611434623,0.0002541026998411858,0.007199576495500265,0.005198517734250926,0.0004446797247220752,0.0006352567496029645,0.001725780836421387,0.0059396506087877185,0.0008046585494970884,0.01390153520381154,0.29280042350449975,0.004033880359978825,0.0018634197988353627,0.0002964531498147168,0.00031762837480148225,0.0,0.0005823186871360508,0.0047856008470089995,0.010640550555849657,0.12042350449973531,0.0012916887241926946,0.06802541026998411,0.009878242456326099,0.0,0.006818422445738486,0.000741132874536792,0.0008046585494970884,0.027506617257808366,0.00579142403388036,0.009941768131286395,0.0,0.0011011116993118052,0.022032821598729487,0.004002117522498677,0.0,0.009825304393859185,0.006151402858655374,0.0009740603493912123,0.0029751191106405506,0.0
76,,%,26.10%,3.10%,4.40%,21.80%,12.00%,12.20%,18.90%,29.90%,7.30%,9.20%,26.90%,26.00%,20.10%,5.80%,13.00%,21.70%,5.90%,6.50%,16.70%,23.30%,20.20%,18.60%,45.20%,9.20%,7.30%,7.90%,1.60%,0.00%,15.60%,12.10%,42.40%,37.50%,11.80%,25.00%,16.90%,0.00%,14.50%,11.30%,3.70%,30.70%,43.70%,30.50%,0.00%,6.30%,11.40%,11.60%,0.00%,14.80%,13.10%,30.60%,21.90%,0.00%
77,Bachelors Degree of Higher,Est.,121707,0.0039028157788787827,0.00017254553969779882,0.008249320088409048,0.0016104250371794557,0.1501967840797982,0.01050884501302308,0.02837141659888092,0.0012981997748691529,0.008487597262277437,0.20427748609365115,0.02879045576671843,0.002892191903505961,0.0006901821587911953,0.0212395342913719,0.008109640365796544,0.003952114504506725,0.00398498032159202,0.002366338830141241,0.0051024181024920505,0.0004929872562794252,0.02405777810643595,0.068319817266057,0.016843731256213693,0.01018018684217013,0.002062330022102262,0.009448922412022316,0.00037795689648089265,0.0007559137929617853,0.008126073274339191,0.0048312751115383665,0.05330835531234851,0.0030893868060177312,0.08535252697051114,0.01707379197581076,0.0017583212140632831,0.014773184779840107,0.0010434896924581165,0.009054532606998776,0.020656166038107916,0.004371153672344237,0.0073537265728347585,0.000698398613062519,0.0077563328321296225,0.0759282539213028,0.0125218763094974,0.0008380783356750228,0.02375376929839697,0.016285012365763678,0.0009777580582875265,0.0035002095195839186,0.00020541135678309383
78,,%,33.60%,56.90%,6.60%,37.20%,39.80%,49.60%,45.60%,22.40%,20.10%,61.80%,34.10%,32.90%,34.50%,20.30%,49.60%,43.50%,67.70%,52.20%,29.50%,25.80%,16.00%,41.40%,13.60%,49.70%,51.10%,70.70%,62.70%,15.30%,26.10%,26.40%,24.80%,21.40%,36.20%,40.50%,37.70%,32.30%,40.40%,20.50%,53.90%,29.70%,42.50%,29.10%,100.00%,56.70%,50.50%,46.80%,81.00%,46.30%,44.80%,39.50%,33.30%,65.80%
79,Males In Civilian Labor Force,Est.,139205,0.0018030961531554182,0.0008189361014331382,0.004453863007794261,0.001314607952300564,0.10177795337811142,0.007312955712797673,0.05124815918968428,0.0020976258036708452,0.0033116626557954097,0.18326927912072125,0.026478933946338136,0.0027154197047519844,0.001185302252074279,0.013713587873998779,0.007636219963363385,0.0014726482525771344,0.002780072554865127,0.0023275026040731296,0.009949355267411373,0.00031608060055314107,0.01813153263173018,0.19365683703889947,0.009503968966631946,0.007205200962609102,0.0006824467511942818,0.004863331058510829,0.000926690851621709,0.000833303401458281,0.008685032865198807,0.008412054164721095,0.08821522215437663,0.00326137710570741,0.06434395316260191,0.01336158902338278,0.0017456269530548472,0.014008117524514205,0.0010847311518982796,0.006364713911138249,0.024690205093207858,0.0030171330052799826,0.010789842318882224,0.0002298768004022844,0.003060234905355411,0.045479688229589456,0.007600301713300528,0.0,0.018138716281742753,0.012614489422075357,0.0003232642505657124,0.0027872562048776982,0.0
80,,%,38.40%,30.10%,35.80%,23.00%,37.10%,38.50%,36.30%,46.20%,37.20%,27.60%,35.00%,34.60%,37.00%,39.90%,36.60%,46.90%,28.80%,41.70%,33.20%,57.60%,11.70%,35.70%,44.00%,32.10%,41.40%,26.80%,36.90%,43.00%,33.00%,32.30%,49.40%,40.50%,43.70%,34.90%,33.70%,36.70%,43.90%,24.40%,43.30%,40.60%,33.50%,48.80%,37.60%,25.60%,34.60%,32.50%,0.00%,40.40%,39.70%,15.00%,30.30%,0.00%
81,Females In Civilian Labor Force,Est.,142827,0.002478522968346321,0.00037807977483248964,0.008660827434588698,0.0012112555749263095,0.1023475953426173,0.005370133098083696,0.03959335419773572,0.0024995274002814595,0.004796011958523249,0.2012504638478719,0.03075048835304249,0.004088862750040259,0.0006931462538595644,0.01465409201341483,0.004669985366912419,0.0021634564893192464,0.0025345347868400234,0.0014212998942776927,0.004557961729925014,0.0015753323951353735,0.02243273330672772,0.17907678520167755,0.011706470065183754,0.005839232077968452,0.001351285121160565,0.004711994230782695,0.0004130871613910535,0.0011062334152506178,0.009122924937161742,0.0043549188878853435,0.08434679717420376,0.003339704677686992,0.07348050438642553,0.011160354834870158,0.0013722895530957032,0.010978316424765626,0.00270257024232113,0.004179881955092525,0.024470163204436134,0.004803013435834961,0.007918670839547145,0.0,0.005006056277874631,0.049122364818976805,0.00891988209512207,0.0002870605697802236,0.01839288089786945,0.009059911641356326,0.000735155117729841,0.0036967800205843435,0.00021704579666309592
82,,%,39.40%,42.40%,17.00%,45.90%,35.10%,39.70%,27.30%,36.60%,45.40%,41.00%,39.40%,41.30%,57.20%,23.90%,40.10%,29.40%,43.50%,39.00%,20.80%,27.10%,59.80%,45.30%,41.80%,40.50%,34.40%,54.40%,36.70%,19.70%,44.90%,34.80%,26.20%,39.70%,46.00%,40.90%,28.90%,29.60%,35.30%,62.40%,29.20%,41.30%,54.80%,36.80%,0.00%,43.00%,38.30%,39.10%,32.50%,42.00%,29.20%,34.90%,41.20%,81.60%
83,Unemployed Males,Est.,922,0.0,0.0,0.0,0.0,0.1822125813449024,0.0,0.0,0.0,0.0,0.22234273318872017,0.0596529284164859,0.0,0.0,0.0,0.0,0.0,0.0,0.0,0.16052060737527116,0.0,0.0,0.17136659436008678,0.0,0.0,0.0,0.0,0.0,0.0,0.0,0.0,0.08459869848156182,0.0,0.02928416485900217,0.0,0.0,0.0,0.0,0.0,0.0,0.0,0.0,0.0,0.0,0.0,0.0,0.0,0.0368763557483731,0.05314533622559653,0.0,0.0,0.0
84,,%,0.30%,0.00%,0.00%,0.00%,0.00%,0.50%,0.00%,0.00%,0.00%,0.00%,0.30%,0.50%,0.00%,0.00%,0.00%,0.00%,0.00%,0.00%,0.00%,6.20%,0.00%,0.00%,0.30%,0.00%,0.00%,0.00%,0.00%,0.00%,0.00%,0.00%,0.00%,0.30%,0.00%,0.10%,0.00%,0.00%,0.00%,0.00%,0.00%,0.00%,0.00%,0.00%,0.00%,0.00%,0.00%,0.00%,0.00%,0.50%,1.10%,0.00%,0.00%,0.00%
85,Unemployed Females,Est.,1631,0.0,0.0,0.015328019619865114,0.0,0.07112201103617413,0.0,0.025137952176578784,0.0,0.0,0.13733905579399142,0.03801348865726548,0.0,0.0,0.0,0.0,0.0,0.0,0.0,0.0,0.0,0.07050889025137952,0.31759656652360513,0.0,0.0,0.0,0.0,0.0,0.0,0.015328019619865114,0.0,0.11281422440220723,0.0,0.034334763948497854,0.0,0.0,0.039852851011649294,0.0,0.0,0.0,0.0,0.04414469650521153,0.0,0.011649294911097487,0.06315144083384426,0.0,0.0,0.0,0.003678724708767627,0.0,0.0,0.0
86,,%,0.50%,0.00%,0.00%,0.90%,0.00%,0.30%,0.00%,0.30%,0.00%,0.00%,0.30%,0.60%,0.00%,0.00%,0.00%,0.00%,0.00%,0.00%,0.00%,0.00%,0.00%,1.60%,0.80%,0.00%,0.00%,0.00%,0.00%,0.00%,0.00%,0.70%,0.00%,0.60%,0.00%,0.20%,0.00%,0.00%,1.50%,0.00%,0.00%,0.00%,0.00%,2.30%,0.00%,1.10%,0.60%,0.00%,0.00%,0.00%,0.10%,0.00%,0.00%,0.00%
87,Private Wage & Salary Workers,Est.,194908,0.0025293984854392842,0.0005694994561536725,0.0064851109241283065,0.0018265027602766433,0.10037043117778645,0.0063004083978081965,0.038495084860549596,0.002888542286617276,0.0036991811521333144,0.18559012457159274,0.023965152790034274,0.0029347179181973032,0.0008465532456338375,0.017172204322039118,0.006967389742853039,0.0017444127485788166,0.0033759517310731216,0.0016828452398054466,0.006531286555708334,0.0006823732222381841,0.017982843187555154,0.1893662651096928,0.013909126357050506,0.008388573070371663,0.0008362919941716092,0.004704783795431691,6.669813450448416e-05,0.0010723007778028607,0.009076076918340961,0.006787817842264042,0.08975516654011123,0.0034221273626531493,0.06878629917704764,0.012046709216656064,0.0004463644386069325,0.015386746567611386,0.002252344695959119,0.005315328257434276,0.027002483222853858,0.0034939561228887477,0.006787817842264042,0.0,0.004391815625833726,0.04873581381985347,0.008799023128860797,0.00021035565497568083,0.02097912861452583,0.011466948509040162,0.0003847969298335625,0.0034580417427709483,3.0783754386685003e-05
88,,%,53.80%,59.00%,34.90%,46.90%,72.20%,53.10%,43.70%,48.60%,71.60%,43.10%,49.60%,43.90%,56.00%,39.90%,64.20%,59.90%,47.80%,70.80%,33.60%,52.90%,35.40%,49.50%,60.30%,65.70%,67.50%,45.90%,50.00%,4.30%,59.40%,47.20%,55.80%,57.60%,64.30%,52.30%,42.60%,13.10%,67.50%,70.90%,50.70%,62.20%,54.40%,43.00%,0.00%,51.40%,51.90%,52.60%,32.50%,65.40%,50.50%,24.90%,52.60%,15.80%
89,Government Workers,Est.,19577,0.002349696071921132,0.0,0.01992133626194003,0.0,0.135618327629361,0.022015630586913214,0.034121673392246005,0.0,0.012872248046176636,0.1485927363743168,0.028043111814884815,0.006691525770036267,0.0013280890841293354,0.018542166828421105,0.013178730142514175,0.007866373805996833,0.0015834908310772846,0.006231802625529958,0.003166981662154569,0.0,0.03790161924707565,0.08157531797517495,0.009398784287684528,0.002298615722531542,0.0038821065536088265,0.01700975634673341,0.0033202227103233386,0.0,0.009654186034632476,0.013127649793124585,0.06257342800224754,0.009296623588905348,0.05358328650967972,0.019257291719875363,0.01460897992542269,0.007662052408438474,0.0028094192164274403,0.004954793890790213,0.009552025335853297,0.0039331869029984165,0.00868365939623027,0.0016345711804668743,0.007764213107217653,0.08755171885375695,0.016652193901006283,0.0,0.024876130152730245,0.010113909179138784,0.0036267048066608775,0.010573632323645095,0.0
90,,%,5.40%,5.50%,0.00%,14.50%,0.00%,7.20%,15.40%,4.30%,0.00%,15.10%,4.00%,5.20%,12.80%,6.30%,7.00%,11.40%,21.70%,3.30%,12.50%,2.60%,0.00%,10.50%,2.60%,4.50%,1.90%,21.40%,18.20%,21.70%,0.00%,5.00%,10.80%,4.00%,17.50%,4.10%,6.80%,43.20%,3.40%,8.90%,4.70%,2.20%,6.20%,5.50%,37.60%,9.10%,9.40%,10.00%,0.00%,7.80%,4.50%,23.60%,16.20%,0.00%
91,Self employed Not incorporated,Est.,46269,0.0,0.0007780587434351293,0.001642568458363051,0.0,0.10116924938944001,0.0013616028010114763,0.06998206142341525,0.0006267695433227431,0.0037390045170632605,0.17411225658648338,0.04214484860273617,0.004733190689230371,0.0015777302297434567,0.0020964360587002098,0.0009509606864207136,0.00043225485746396075,0.0012967645723918823,0.0,0.00782381292009769,0.002939333030754933,0.0209427478441289,0.24513172966781213,0.0021612742873198037,0.0018586958870950312,0.0008212842291815255,0.0015993429726166549,0.002377401716051784,0.0,0.010049925436037088,0.0037173917741900623,0.09085997103892456,0.001772244915602239,0.07646588428537465,0.010611856750740237,0.0,0.004689965203483974,0.0009293479435475156,0.0075644600056193135,0.026043355162203637,0.005813827832890272,0.016144718926278934,0.0,0.001685793944109447,0.028031727506537856,0.003911906460048845,0.0,0.008364131491927641,0.010633469493613434,8.645097149279215e-05,0.0003241911430979706,0.0
92,,%,12.80%,0.00%,11.30%,2.80%,0.00%,12.70%,2.20%,21.00%,3.70%,10.40%,11.10%,18.30%,21.40%,17.60%,1.90%,1.90%,2.80%,6.50%,0.00%,15.00%,36.20%,13.70%,18.50%,2.40%,3.50%,10.70%,4.00%,36.70%,0.00%,12.40%,7.30%,13.90%,7.90%,13.80%,8.90%,0.00%,4.90%,6.90%,17.10%,14.20%,21.50%,24.30%,0.00%,4.70%,7.10%,5.60%,0.00%,6.20%,11.10%,1.30%,1.20%,0.00%
93,Self employed Incorporated,Est.,17446,0.0037831021437578815,0.0012037143184684168,0.005846612403989453,0.0,0.08013298177232603,0.0036111429554052505,0.06987275020061905,0.0032672245786999885,0.0,0.3736099965608162,0.04075432763957354,0.0022927891780350797,0.0,0.011177347242921014,0.0037257824143070045,0.0,0.0,0.0,0.0062478505101455925,0.0,0.021666857732431502,0.11291986701822768,0.0,0.004069700791012267,0.0006305170239596469,0.0014903129657228018,0.0,0.0019488708013298177,0.0012037143184684168,0.0023501089074859567,0.06482861400894188,0.0,0.0757193626046085,0.013642095609308725,0.0,0.0013756735068210478,0.0,0.0,0.010317551301157859,0.004528258626619283,0.018399633153731516,0.0,0.0020635102602315717,0.03972257250945776,0.004528258626619283,0.0,0.007795483205319271,0.0026940272841912186,0.0,0.0011463945890175398,0.0014329932362719248
94,,%,4.80%,7.90%,6.60%,3.80%,0.00%,3.80%,2.20%,7.90%,7.30%,0.00%,8.90%,6.70%,3.90%,0.00%,3.70%,2.90%,0.00%,0.00%,0.00%,4.50%,0.00%,5.30%,3.20%,0.00%,2.90%,3.10%,1.40%,0.00%,9.70%,0.60%,1.70%,3.70%,0.00%,5.20%,4.30%,0.00%,0.50%,0.00%,0.00%,2.10%,6.30%,10.40%,0.00%,2.20%,3.80%,2.40%,0.00%,2.20%,1.10%,0.00%,1.60%,65.80%
95,Employment by Industry,,,,,,,,,,,,,,,,,,,,,,,,,,,,,,,,,,,,,,,,,,,,,,,,,,,,,
96,"Professional, Scientific, & Technical Services Administration and Support Waste Management Services ",Est.,"2,864",0,0,0,0,106,0,204,17,0,708,151,0,0,41,0,0,0,0,0,0,114,314,0,0,0,0,0,0,28,0,108,0,314,47,0,0,0,56,110,15,53,0,23,277,67,0,72,12,27,0,0
97,,%,0.80%,0.00%,0.00%,0.00%,0.00%,0.30%,0.00%,1.30%,2.20%,0.00%,1.00%,1.40%,0.00%,0.00%,0.80%,0.00%,0.00%,0.00%,0.00%,0.00%,0.00%,1.60%,0.50%,0.00%,0.00%,0.00%,0.00%,0.00%,0.00%,0.70%,0.00%,0.40%,0.00%,1.20%,0.90%,0.00%,0.00%,0.00%,2.70%,1.30%,1.20%,1.70%,0.00%,1.40%,1.50%,2.10%,0.00%,1.20%,0.30%,9.00%,0.00%,0.00%
98,Construction,Est.,"33,963",0,78,0,0,830,134,"3,104",51,19,"6,564",523,32,0,26,65,0,5,0,569,0,777,"9,522",0,52,46,0,64,47,113,64,"4,985",152,"1,978",428,0,146,0,19,"1,736",175,773,0,3,597,10,0,163,92,0,15,6
99,,%,9.40%,0.00%,24.50%,0.00%,0.00%,2.30%,4.80%,20.10%,6.50%,1.10%,9.00%,4.90%,3.10%,0.00%,0.50%,2.90%,0.00%,0.50%,0.00%,23.60%,0.00%,11.00%,15.60%,0.00%,2.10%,13.00%,0.00%,21.30%,13.40%,3.00%,2.70%,16.40%,14.60%,7.70%,7.80%,0.00%,3.30%,0.00%,0.90%,20.50%,14.00%,25.10%,0.00%,0.20%,3.30%,0.30%,0.00%,2.60%,2.10%,0.00%,1.20%,15.80%
100,Other Services,Est.,"32,291",0,14,104,0,"3,289",125,"1,878",70,166,"5,388","1,495",31,0,287,49,0,59,6,49,76,710,"7,580",143,34,8,55,0,65,324,0,"3,695",0,"2,256",442,0,434,54,0,965,208,208,0,0,"1,206",114,0,317,383,4,0,0
101,,%,8.90%,0.00%,4.40%,3.90%,0.00%,8.90%,4.50%,12.20%,8.90%,9.90%,7.40%,14.00%,3.00%,0.00%,5.50%,2.20%,0.00%,6.40%,0.60%,2.00%,20.20%,10.00%,12.40%,3.50%,1.40%,2.30%,3.00%,0.00%,18.50%,8.60%,0.00%,12.20%,0.00%,8.80%,8.00%,0.00%,9.80%,8.70%,0.00%,11.40%,16.60%,6.80%,0.00%,0.00%,6.60%,3.50%,0.00%,5.10%,8.60%,1.30%,0.00%,0.00%
102,Arts Entertainment and Recreation & Accomodation and Food,Est.,"30,386",97,0,17,24,"3,875",86,"1,079",171,138,"5,391",639,179,0,118,310,126,174,45,250,89,185,"6,709",305,107,66,50,13,66,821,504,"2,132",58,"2,206",284,130,155,235,151,490,46,259,0,89,"1,308",78,0,533,373,34,191,0
103,,%,8.40%,11.60%,0.00%,0.60%,4.90%,10.50%,3.10%,7.00%,21.80%,8.30%,7.40%,6.00%,17.50%,0.00%,2.30%,13.70%,17.70%,18.70%,4.60%,10.40%,23.70%,2.60%,11.00%,7.40%,4.40%,18.60%,2.70%,4.30%,18.80%,21.90%,21.30%,7.00%,5.60%,8.60%,5.20%,19.60%,3.50%,38.00%,7.40%,5.80%,3.70%,8.40%,0.00%,5.30%,7.10%,2.40%,0.00%,8.50%,8.40%,11.30%,14.90%,0.00%
104,"Educational services, and health care and social assistance",Est.,"44,930",161,40,758,26,"5,382",416,"1,324",151,112,"6,987","1,135",142,71,"1,067",647,295,366,345,203,60,"1,154","6,856",562,433,74,633,65,35,281,132,"3,196",296,"3,530",712,177,631,55,338,488,366,301,32,435,"2,429",570,24,786,343,26,257,25
105,,%,12.40%,19.30%,12.60%,28.10%,5.30%,14.60%,14.80%,8.60%,19.20%,6.70%,9.60%,10.70%,13.90%,17.10%,20.50%,28.50%,41.50%,39.40%,35.30%,8.40%,16.00%,16.30%,11.20%,13.60%,17.90%,20.80%,34.50%,21.70%,9.90%,7.50%,5.60%,10.50%,28.50%,13.80%,12.90%,26.70%,14.20%,8.90%,16.50%,5.80%,29.20%,9.80%,37.60%,26.10%,13.30%,17.50%,19.00%,12.60%,7.70%,8.60%,20.10%,65.80%
106,Manufacturing,Est.,"18,842",0,0,104,82,"1,728",183,552,48,0,"2,577",626,68,127,601,408,31,85,41,92,0,54,"2,698","1,072",480,0,27,0,0,41,171,"1,170",79,890,438,0,858,13,234,217,16,228,0,229,"1,325",568,17,104,256,0,304,0
107,,%,5.20%,0.00%,0.00%,3.90%,16.60%,4.70%,6.50%,3.60%,6.10%,0.00%,3.50%,5.90%,6.70%,30.70%,11.50%,18.00%,4.40%,9.10%,4.20%,3.80%,0.00%,0.80%,4.40%,26.00%,19.80%,0.00%,1.50%,0.00%,0.00%,1.10%,7.20%,3.90%,7.60%,3.50%,7.90%,0.00%,19.30%,2.10%,11.40%,2.60%,1.30%,7.40%,0.00%,13.80%,7.20%,17.40%,13.50%,1.70%,5.80%,0.00%,23.70%,0.00%
108,Retail Trade,Est.,"22,481",45,0,138,40,"1,905",50,466,72,14,"6,469",511,158,0,318,12,0,0,0,123,0,411,"3,022",242,259,43,29,0,0,315,147,"2,501",74,"1,652",270,45,224,57,77,537,59,136,0,129,923,171,0,482,261,0,94,0
109,,%,6.20%,5.40%,0.00%,5.10%,8.10%,5.20%,1.80%,3.00%,9.20%,0.80%,8.90%,4.80%,15.50%,0.00%,6.10%,0.50%,0.00%,0.00%,0.00%,5.10%,0.00%,5.80%,4.90%,5.90%,10.70%,12.10%,1.60%,0.00%,0.00%,8.40%,6.20%,8.20%,7.10%,6.40%,4.90%,6.80%,5.00%,9.20%,3.80%,6.30%,4.70%,4.40%,0.00%,7.80%,5.00%,5.20%,0.00%,7.70%,5.90%,0.00%,7.30%,0.00%
110,Employment by Occupation,,,,,,,,,,,,,,,,,,,,,,,,,,,,,,,,,,,,,,,,,,,,,,,,,,,,,
111,"Management, Professional and Related",Est.,"28,978",0,0,170,94,"4,081",316,958,22,269,"6,219",978,182,0,786,325,31,147,136,149,0,401,"2,499",803,388,11,100,0,57,114,26,"1,764",122,"2,137",349,0,484,38,340,698,47,253,0,176,"1,835",207,0,989,224,0,53,0
112,,%,8.00%,0.00%,0.00%,6.30%,19.10%,11.10%,11.30%,6.20%,2.80%,16.10%,8.50%,9.20%,17.80%,0.00%,15.10%,14.30%,4.40%,15.80%,13.90%,6.20%,0.00%,5.70%,4.10%,19.50%,16.00%,3.10%,5.50%,0.00%,16.20%,3.00%,1.10%,5.80%,11.80%,8.30%,6.30%,0.00%,10.90%,6.10%,16.60%,8.20%,3.80%,8.20%,0.00%,10.60%,10.00%,6.40%,0.00%,15.80%,5.10%,0.00%,4.10%,0.00%
113,Construction & Extraction Occupations,Est.,"20,252",0,78,0,0,307,108,"2,389",28,19,"2,954",283,0,0,26,0,0,0,0,449,0,643,"4,705",0,0,13,0,64,47,61,0,"3,656",82,"1,074",324,0,120,0,19,"1,679",148,563,0,3,303,10,0,59,38,0,0,0
114,,%,5.60%,0.00%,24.50%,0.00%,0.00%,0.80%,3.80%,15.50%,3.60%,1.10%,4.10%,2.70%,0.00%,0.00%,0.50%,0.00%,0.00%,0.00%,0.00%,18.70%,0.00%,9.10%,7.70%,0.00%,0.00%,3.70%,0.00%,21.30%,13.40%,1.60%,0.00%,12.00%,7.90%,4.20%,5.90%,0.00%,2.70%,0.00%,0.90%,19.80%,11.80%,18.30%,0.00%,0.20%,1.70%,0.30%,0.00%,0.90%,0.90%,0.00%,0.00%,0.00%
115,Sales & Office,Est.,"46,299",45,14,457,160,"4,649",178,"1,571",58,135,"13,081","1,396",139,0,"1,059",295,51,29,47,304,0,974,"6,215",441,213,135,102,0,45,636,128,"3,456",377,"3,414",574,45,431,56,208,658,105,124,0,154,"2,146",575,0,796,513,0,110,0
116,,%,12.80%,5.40%,4.40%,17.00%,32.50%,12.60%,6.30%,10.20%,7.40%,8.10%,17.90%,13.10%,13.60%,0.00%,20.30%,13.00%,7.20%,3.10%,4.80%,12.60%,0.00%,13.80%,10.20%,10.70%,8.80%,38.00%,5.60%,0.00%,12.80%,17.00%,5.40%,11.40%,36.30%,13.30%,10.40%,6.80%,9.70%,9.00%,10.20%,7.80%,8.40%,4.00%,0.00%,9.30%,11.70%,17.60%,0.00%,12.70%,11.60%,0.00%,8.60%,0.00%
117,Services Occupations,Est.,"56,515",47,19,322,0,"4,566",86,"3,734",88,127,"8,850","2,533",75,0,325,174,13,155,0,194,76,"1,284","16,377",207,44,38,139,13,4,516,338,"5,507",33,"3,812",423,8,768,0,103,"1,897",348,524,0,97,"1,275",46,0,758,508,38,26,0
118,,%,15.60%,5.60%,6.00%,11.90%,0.00%,12.40%,3.10%,24.20%,11.20%,7.60%,12.10%,23.80%,7.30%,0.00%,6.20%,7.70%,1.80%,16.70%,0.00%,8.10%,20.20%,18.10%,26.80%,5.00%,1.80%,10.70%,7.60%,4.30%,1.10%,13.80%,14.30%,18.10%,3.20%,14.90%,7.70%,1.20%,17.30%,0.00%,5.00%,22.40%,27.80%,17.00%,0.00%,5.80%,7.00%,1.40%,0.00%,12.10%,11.50%,12.60%,2.00%,0.00%
119,Maintenance & Repair Occupations,Est.,"5,689",0,0,0,24,197,0,169,0,0,"1,313",52,31,0,26,57,0,0,0,49,0,87,"1,485",14,13,0,0,0,34,177,129,498,0,595,66,0,83,0,0,135,0,25,0,44,353,0,0,9,24,0,0,0
120,,%,1.60%,0.00%,0.00%,0.00%,4.90%,0.50%,0.00%,1.10%,0.00%,0.00%,1.80%,0.50%,3.00%,0.00%,0.50%,2.50%,0.00%,0.00%,0.00%,2.00%,0.00%,1.20%,2.40%,0.30%,0.50%,0.00%,0.00%,0.00%,9.70%,4.70%,5.40%,1.60%,0.00%,2.30%,1.20%,0.00%,1.90%,0.00%,0.00%,1.60%,0.00%,0.80%,0.00%,2.60%,1.90%,0.00%,0.00%,0.10%,0.50%,0.00%,0.00%,0.00%
121,"Production, Transportation, and Material Moving Occupation",Est.,"6,811",97,0,0,0,344,24,216,0,0,"1,098",253,71,28,107,59,0,0,0,25,0,15,"1,750",291,57,0,0,0,0,0,20,641,0,272,85,0,206,14,31,113,0,118,0,33,110,356,17,49,258,0,53,0
122,,%,1.90%,11.60%,0.00%,0.00%,0.00%,0.90%,0.90%,1.40%,0.00%,0.00%,1.50%,2.40%,7.00%,6.80%,2.10%,2.60%,0.00%,0.00%,0.00%,1.00%,0.00%,0.20%,2.90%,7.10%,2.40%,0.00%,0.00%,0.00%,0.00%,0.00%,0.80%,2.10%,0.00%,1.10%,1.50%,0.00%,4.60%,2.30%,1.50%,1.30%,0.00%,3.80%,0.00%,2.00%,0.60%,10.90%,13.50%,0.80%,5.80%,0.00%,4.10%,0.00%
123,Population for whom poverty status is determined,Est.,"352,876",823,318,"2,491",493,"36,100","2,535","15,416",625,"1,393","72,115","10,464","1,021",276,"4,746","1,732",576,864,728,"2,398",376,"7,073","60,607","3,784","2,360",317,"1,666",215,239,"3,518","2,312","30,162","1,014","24,763","5,385",534,"4,205",605,"1,871","8,143","1,192","3,069",85,"1,522","17,717","3,205",126,"6,208","4,314",277,860,38
124,,%,97.40%,98.60%,100.00%,92.40%,100.00%,98.00%,90.30%,99.80%,79.50%,83.40%,98.90%,98.30%,100.00%,66.70%,91.00%,76.40%,81.00%,93.00%,74.50%,99.70%,100.00%,99.90%,99.00%,91.70%,97.40%,89.30%,90.80%,71.70%,67.90%,93.90%,97.50%,99.40%,97.70%,96.50%,97.70%,80.70%,94.60%,97.70%,91.50%,96.20%,95.20%,99.80%,100.00%,91.50%,96.80%,98.40%,100.00%,99.30%,97.40%,92.00%,67.10%,100.00%
125,Individuals Below Poverty,Est.,"33,256",70,42,126,0,"3,318",159,"1,010",24,417,"5,595",316,0,52,475,77,313,40,244,335,76,563,"7,088",685,296,0,85,77,79,191,72,"2,883",184,"2,151",391,521,740,208,51,"1,361",59,376,0,62,759,476,0,560,504,29,110,6
126,,%,9.80%,10.50%,13.20%,5.50%,0.00%,9.50%,6.30%,6.60%,4.40%,29.90%,8.20%,3.10%,0.00%,25.00%,10.60%,4.60%,56.20%,4.90%,42.70%,14.30%,20.20%,8.20%,12.00%,18.20%,13.10%,0.00%,5.10%,44.30%,33.10%,6.20%,3.30%,9.80%,18.10%,9.10%,7.80%,97.60%,18.70%,34.40%,2.80%,17.10%,5.20%,12.30%,0.00%,4.70%,4.50%,15.40%,0.00%,9.30%,11.90%,10.50%,14.70%,19.40%
127,,,,,,,,,,,,,,,,,,,,,,,,,,,,,,,,,,,,,,,,,,,,,,,,,,,,,,
128,Earnings,Median,"$30,000 ","$22,000 ","$120,000 ","$40,000 ","$36,000 ","$38,000 ","$35,000 ","$25,800 ","$23,100 ","$50,000 ","$30,000 ","$29,000 ","$35,000 ","$32,000 ","$35,000 ","$24,000 ","$8,000 ","$45,000 ","$43,750 ","$35,000 ","$7,800 ","$35,000 ","$28,000 ","$41,000 ","$50,000 ","$15,000 ","$48,000 ","$11,000 ","$9,000 ","$34,000 ","$25,000 ","$25,500 ","$32,000 ","$37,000 ","$29,000 ","$9,500 ","$27,000 ","$14,000 ","$35,000 ","$26,000 ","$24,000 ","$24,000 ","$92,000 ","$32,000 ","$39,600 ","$22,000 ","$95,000 ","$45,000 ","$50,000 ","$27,000 ","$29,000 ","$74,000 "
129,Earnings (incl 0 and neg),Median,"$20,000 ","$5,700 ","$120,000 ","$12,000 ","$22,000 ","$20,000 ","$15,700 ","$20,000 ","$23,100 ","$19,100 ","$19,000 ","$15,500 ","$32,000 ",$0 ,"$12,500 ","$4,600 ","$8,000 ","$3,000 ",$0 ,"$20,000 ",$0 ,"$28,000 ","$24,000 ","$11,000 ","$23,400 ","$10,000 ","$26,000 ","$3,000 ","$1,000 ","$10,000 ","$23,400 ","$18,700 ","$13,000 ","$20,800 ","$10,000 ","$9,500 ","$18,000 ","$9,100 ","$20,000 ","$16,600 ","$20,000 ","$15,000 ",$0 ,"$5,100 ","$17,000 ","$6,500 ",$0 ,"$30,000 ","$12,500 ",$0 ,"$1,200 ","$74,000 "
